{"cameraMode":{"drawMode":0,"name":"Shaded","section":"Shading Mode"},"sceneLighting":true,"audioPlay":false,"sceneViewState":{"m_AlwaysRefresh":false,"showFog":true,"showSkybox":true,"showFlares":true,"showImageEffects":true,"showParticleSystems":true,"showVisualEffectGraphs":true,"m_FxEnabled":true},"in2DMode":false,"pivot":{"x":-14.851015090942383,"y":114.66371154785156,"z":-26.574953079223634},"rotation":{"x":0.30925247073173525,"y":-0.008370645344257355,"z":0.002757091773673892,"w":0.9509998559951782},"size":12.12435531616211,"orthographic":false}